	barcode	segment	fiveprime	threeprime	count
0		HA_mRNA	336	1591	2
1		HA_mRNA	343	1570	3
2		M_mRNA	383	811	1
3		M_mRNA	386	748	1
4		M_mRNA	47	99	1
5		M_mRNA	55	504	1
7		M_mRNA	814	948	1
8		M_mRNA	830	868	1
9		NA_mRNA	415	1020	1
10		NP_mRNA	223	1236	1
11		NP_mRNA	394	1400	1
12		NP_mRNA	455	1380	1
13		NS_mRNA	266	539	1
14		NS_mRNA	36	200	1
15		NS_mRNA	52	526	1
17		PB1_mRNA	262	2130	1
20	AAACCTGAGTCTCAAC-1	NP_mRNA	216	1238	1
21	AAACCTGCAAGACGTG-1	HA_mRNA	296	1546	1
22	AAACCTGCAATAGCAA-1	PA_mRNA	1260	2086	1
31	AAACGGGCAGTATAAG-1	NS_mRNA	410	754	1
32	AAACGGGGTACTCTCC-1	M_mRNA	328	776	1
37	AAACGGGTCCCTCAGT-1	M_mRNA	674	700	1
40	AAACGGGTCTGCTTGC-1	HA_mRNA	1412	1544	1
41	AAACGGGTCTGCTTGC-1	PB1_mRNA	137	2110	1
48	AAAGCAACAGTACACT-1	HA_mRNA	336	1591	1
54	AAAGCAATCAGGTTCA-1	HA_mRNA	296	1546	2
56	AAAGTAGGTCTGGTCG-1	HA_mRNA	343	1570	1
61	AAATGCCCACGTAAGG-1	NS_mRNA	262	704	1
62	AAATGCCCACGTAAGG-1	NS_mRNA	569	611	1
64	AAATGCCGTACAGACG-1	NA_mRNA	1057	1236	1
65	AAATGCCGTACAGACG-1	NA_mRNA	459	995	2
68	AAATGCCGTATAAACG-1	PB1_mRNA	137	2110	10
70	AAATGCCTCATAGCAC-1	NA_mRNA	388	1156	1
73	AACACGTAGGATGGTC-1	M_mRNA	46	733	1
84	AACCATGAGTACACCT-1	M_mRNA	730	811	1
91	AACCGCGCAAGTAATG-1	M_mRNA	193	811	1
92	AACCGCGCAGTGGGAT-1	NS_mRNA	598	667	1
94	AACCGCGGTATTAGCC-1	PA_mRNA	231	1943	1
98	AACGTTGCACCCATGG-1	HA_mRNA	38	1642	1
102	AACTCAGAGTTTGCGT-1	HA_mRNA	1193	1608	1
105	AACTCAGAGTTTGCGT-1	NS_mRNA	685	748	1
107	AACTCAGGTATGCTTG-1	PA_mRNA	231	1943	1
111	AACTCAGTCTCGCATC-1	M_mRNA	622	772	2
113	AACTCCCAGTCCCACG-1	NS_mRNA	469	676	1
114	AACTCCCAGTCTTGCA-1	HA_mRNA	296	1546	1
116	AACTCCCCAGATAATG-1	NP_mRNA	1227	1411	1
119	AACTCCCTCTTCGAGA-1	HA_mRNA	1371	1402	1
122	AACTCCCTCTTCGAGA-1	NA_mRNA	851	1343	1
123	AACTCCCTCTTCGAGA-1	NS_mRNA	261	714	1
130	AACTCTTTCTAGCACA-1	HA_mRNA	38	1642	1
132	AACTGGTAGAATAGGG-1	HA_mRNA	1414	1486	1
133	AACTGGTAGACAAAGG-1	NA_mRNA	851	1343	1
134	AACTGGTAGGCGATAC-1	HA_mRNA	343	1570	1
140	AACTGGTTCCGTTGCT-1	NA_mRNA	309	1142	1
142	AACTGGTTCGAATGCT-1	HA_mRNA	181	1578	1
146	AAGACCTCAGTAAGAT-1	NS_mRNA	625	678	1
154	AAGCCGCAGTCGAGTG-1	HA_mRNA	1523	1584	1
155	AAGCCGCAGTCGAGTG-1	M_mRNA	541	924	1
158	AAGCCGCAGTCGAGTG-1	NA_mRNA	1210	1316	1
166	AAGGAGCTCGCATGAT-1	HA_mRNA	343	1570	1
167	AAGGCAGAGACTGTAA-1	HA_mRNA	296	1546	1
171	AAGGCAGTCTGAGGGA-1	HA_mRNA	37	1676	1
172	AAGGCAGTCTGAGGGA-1	PA_mRNA	306	1869	2
173	AAGGTTCAGTCATGCT-1	HA_mRNA	296	1546	1
178	AAGGTTCTCTTGACGA-1	HA_mRNA	343	1570	1
179	AAGTCTGAGATAGCAT-1	M_mRNA	642	745	1
180	AAGTCTGAGTTCGCGC-1	PA_mRNA	86	2006	2
184	AATCCAGCAAGGCTCC-1	NS_mRNA	56	529	1
186	AATCCAGCACATGTGT-1	NS_mRNA	199	630	1
189	AATCCAGCATGTCCTC-1	M_mRNA	647	716	1
192	AATCCAGCATGTCCTC-1	NS_mRNA	780	847	1
195	AATCCAGTCCTGCTTG-1	HA_mRNA	296	1546	1
198	AATCCAGTCGCGTTTC-1	NA_mRNA	309	1142	1
204	ACACCAACATGCTAGT-1	NS_mRNA	52	525	1
206	ACACCAACATTTGCCC-1	M_mRNA	759	916	1
207	ACACCAACATTTGCCC-1	NA_mRNA	1049	1348	1
208	ACACCAACATTTGCCC-1	NP_mRNA	467	1333	1
209	ACACCAACATTTGCCC-1	NS_mRNA	261	683	1
215	ACACCCTGTTGGGACA-1	NA_mRNA	309	1142	1
227	ACAGCCGAGAAAGTGG-1	PB2_mRNA	129	2091	1
229	ACAGCCGAGTGAACGC-1	HA_mRNA	343	1570	1
234	ACAGCCGTCTGCAAGT-1	NS_mRNA	406	683	1
246	ACATACGGTTTAAGCC-1	HA_mRNA	343	1570	2
253	ACATCAGCAAGGGTCA-1	NS_mRNA	423	767	1
260	ACATGGTCACGGTAAG-1	M_mRNA	642	745	1
261	ACATGGTCACGGTAAG-1	M_mRNA	669	698	1
262	ACATGGTCACGGTAAG-1	NP_mRNA	224	1517	1
265	ACCAGTACACGGCTAC-1	PB1_mRNA	465	526	1
282	ACCTTTACACACATGT-1	HA_mRNA	1204	1611	1
283	ACCTTTACACGAAACG-1	HA_mRNA	323	1486	1
287	ACCTTTATCAGGATCT-1	M_mRNA	393	768	1
288	ACCTTTATCATACGGT-1	PB1_mRNA	137	2110	1
292	ACGAGCCGTCCTCTTG-1	HA_mRNA	343	1570	1
298	ACGAGGAGTGCGATAG-1	HA_mRNA	343	1570	1
305	ACGATACGTGGAAAGA-1	HA_mRNA	556	1541	1
308	ACGATACGTGGAAAGA-1	NS_mRNA	430	530	1
313	ACGATGTAGACAGGCT-1	HA_mRNA	343	1570	1
318	ACGATGTGTACCTACA-1	M_mRNA	768	923	1
320	ACGATGTTCACTTCAT-1	M_mRNA	55	518	1
324	ACGATGTTCACTTCAT-1	PA_mRNA	1842	1924	3
334	ACGCCAGGTATATCCG-1	HA_mRNA	303	1611	1
336	ACGCCAGGTGGTTTCA-1	NS_mRNA	48	521	1
346	ACGCCGAGTGAGGGAG-1	HA_mRNA	343	1570	1
350	ACGGAGAAGAACAATC-1	PB2_mRNA	1258	2186	1
353	ACGGAGAAGTGGTAGC-1	M_mRNA	759	916	1
354	ACGGAGAAGTGGTAGC-1	NS_mRNA	423	767	1
360	ACGGAGAGTAGTAGTA-1	PA_mRNA	231	1943	1
376	ACGGGCTGTTCGTGAT-1	HA_mRNA	296	1546	1
383	ACGTCAAAGTAGTGCG-1	HA_mRNA	184	1540	1
389	ACGTCAAGTTCACGGC-1	HA_mRNA	740	1594	1
390	ACGTCAAGTTCACGGC-1	M_mRNA	114	745	2
392	ACGTCAAGTTCACGGC-1	M_mRNA	520	863	1
395	ACGTCAAGTTCACGGC-1	M_mRNA	769	800	1
396	ACGTCAAGTTCACGGC-1	NA_mRNA	851	1343	1
397	ACGTCAAGTTCACGGC-1	NP_mRNA	1337	1515	1
399	ACGTCAATCAACCAAC-1	NP_mRNA	163	1396	1
410	ACTATCTTCACCCTCA-1	NS_mRNA	385	637	1
412	ACTATCTTCACCCTCA-1	PB2_mRNA	288	1890	1
416	ACTGAACAGGCGATAC-1	NS_mRNA	494	736	1
423	ACTGAACGTCTCAACA-1	M_mRNA	215	811	1
426	ACTGAACGTGCAGGTA-1	M_mRNA	631	722	1
427	ACTGAACGTGCAGGTA-1	M_mRNA	747	907	2
429	ACTGAGTAGTGGGATC-1	HA_mRNA	343	1570	1
432	ACTGAGTTCAACCAAC-1	PB2_mRNA	1779	2217	1
433	ACTGAGTTCAGGTAAA-1	M_mRNA	350	812	1
434	ACTGAGTTCAGGTAAA-1	NS_mRNA	708	741	1
435	ACTGAGTTCTTTAGTC-1	M_mRNA	238	745	1
436	ACTGATGCAATGTAAG-1	M_mRNA	803	837	1
441	ACTGATGTCACTGGGC-1	NP_mRNA	163	1396	1
445	ACTGATGTCTGTCTCG-1	PB1_mRNA	611	1076	1
446	ACTGCTCAGCTAGGCA-1	NS_mRNA	457	664	1
447	ACTGCTCAGTTTGCGT-1	NS_mRNA	267	712	1
449	ACTGCTCCAGCTCGAC-1	PB2_mRNA	129	2091	1
454	ACTGTCCAGACGCAAC-1	HA_mRNA	1206	1548	1
455	ACTGTCCAGACGCAAC-1	HA_mRNA	210	1487	1
464	ACTGTCCTCCTCGCAT-1	PB2_mRNA	129	2091	1
471	ACTTACTTCACTCTTA-1	NS_mRNA	457	664	1
473	ACTTGTTGTATAGGTA-1	HA_mRNA	296	1546	1
475	ACTTGTTTCCCTGACT-1	M_mRNA	534	752	1
477	ACTTGTTTCCCTGACT-1	M_mRNA	764	821	1
478	ACTTGTTTCCCTGACT-1	NP_mRNA	321	1459	1
479	ACTTGTTTCCCTGACT-1	NS_mRNA	261	683	1
480	ACTTGTTTCCCTGACT-1	NS_mRNA	266	533	1
481	ACTTGTTTCCCTGACT-1	NS_mRNA	423	767	1
483	ACTTGTTTCCTCGCAT-1	HA_mRNA	437	1548	1
486	ACTTGTTTCGTCCAGG-1	PB2_mRNA	221	2109	1
490	AGACGTTGTACAGCAG-1	M_mRNA	612	843	1
491	AGACGTTGTATAAACG-1	HA_mRNA	700	1675	1
497	AGACGTTGTTGACGTT-1	PA_mRNA	231	1943	1
498	AGACGTTTCACCATAG-1	HA_mRNA	276	1480	1
500	AGAGCGACAGCGTTCG-1	HA_mRNA	343	1570	1
501	AGAGCGACATGCTGGC-1	HA_mRNA	543	1653	1
512	AGAGTGGAGAGACTAT-1	M_mRNA	114	745	1
513	AGAGTGGAGAGACTAT-1	M_mRNA	130	745	1
514	AGAGTGGAGAGACTAT-1	M_mRNA	29	744	1
516	AGAGTGGAGAGACTAT-1	M_mRNA	54	743	2
517	AGAGTGGAGAGACTAT-1	M_mRNA	55	806	3
519	AGAGTGGAGAGACTAT-1	M_mRNA	57	746	5
520	AGAGTGGAGAGACTAT-1	M_mRNA	642	745	3
522	AGAGTGGAGAGACTAT-1	M_mRNA	743	806	1
523	AGAGTGGAGAGACTAT-1	M_mRNA	791	866	1
524	AGAGTGGAGAGACTAT-1	NP_mRNA	1387	1449	1
525	AGAGTGGAGAGACTAT-1	NP_mRNA	320	1512	1
526	AGAGTGGAGAGACTAT-1	NP_mRNA	388	1376	1
527	AGAGTGGAGAGACTAT-1	NP_mRNA	514	1290	1
528	AGAGTGGAGAGACTAT-1	PB1_mRNA	262	2130	2
529	AGAGTGGAGAGACTAT-1	PB1_mRNA	262	2133	5
530	AGAGTGGAGAGACTAT-1	PB1_mRNA	266	2133	2
534	AGAGTGGAGTTGAGTA-1	NP_mRNA	163	1396	1
537	AGAGTGGCAGTTTACG-1	NS_mRNA	36	200	1
540	AGATCTGAGTCCGTAT-1	NS_mRNA	708	741	1
541	AGATCTGCATTGAGCT-1	NA_mRNA	309	1142	1
542	AGATCTGGTCACCCAG-1	PB1_mRNA	262	2133	1
548	AGATTGCGTGTGTGCC-1	PB1_mRNA	193	2110	1
549	AGATTGCTCTAACGGT-1	NP_mRNA	1085	1479	1
551	AGCAGCCAGTGGTCCC-1	M_mRNA	622	772	1
553	AGCAGCCAGTGGTCCC-1	NA_mRNA	413	1020	1
554	AGCAGCCAGTGGTCCC-1	NP_mRNA	510	872	1
558	AGCAGCCCATGACGGA-1	HA_mRNA	343	1570	1
565	AGCATACCAAGCGATG-1	NS_mRNA	214	598	1
566	AGCATACCAGCTGTAT-1	NS_mRNA	56	529	1
570	AGCCTAAAGGAGTCTG-1	NS_mRNA	679	753	1
572	AGCCTAAGTGCGATAG-1	M_mRNA	642	745	1
585	AGCGTATTCCACGCAG-1	HA_mRNA	1380	1528	1
588	AGCGTATTCCACGCAG-1	M_mRNA	636	808	1
589	AGCGTATTCCACGCAG-1	NS_mRNA	469	698	1
591	AGCGTATTCCACGCAG-1	NS_mRNA	712	757	1
601	AGCTCCTTCGCCCTTA-1	PB2_mRNA	129	2091	1
605	AGCTCTCCAGCTGCAC-1	M_mRNA	642	745	1
608	AGCTCTCGTATATGGA-1	HA_mRNA	296	1546	1
609	AGCTCTCGTCATATCG-1	PB1_mRNA	144	2198	1
615	AGCTCTCTCGCTTAGA-1	PB1_mRNA	262	2133	1
617	AGCTTGAAGCGCCTCA-1	NP_mRNA	1340	1491	1
622	AGGCCACTCTACTCAT-1	HA_mRNA	516	1542	1
624	AGGCCACTCTACTCAT-1	M_mRNA	622	772	1
626	AGGCCACTCTACTCAT-1	M_mRNA	706	753	1
627	AGGCCACTCTACTCAT-1	NS_mRNA	55	528	1
634	AGGGAGTAGGCCCGTT-1	HA_mRNA	343	1570	1
636	AGGGAGTCAGATCTGT-1	M_mRNA	642	745	1
637	AGGGAGTTCACTTATC-1	M_mRNA	618	768	1
651	AGGTCATTCGTTACAG-1	PB2_mRNA	221	2109	1
655	AGGTCCGGTATTACCG-1	PB1_mRNA	266	2130	1
659	AGGTCCGTCTGATTCT-1	PB2_mRNA	129	2091	1
660	AGGTCCGTCTGTTGAG-1	M_mRNA	345	902	1
663	AGGTCCGTCTGTTGAG-1	M_mRNA	833	933	1
664	AGGTCCGTCTGTTGAG-1	NA_mRNA	851	1343	1
665	AGGTCCGTCTGTTGAG-1	NP_mRNA	867	1271	1
668	AGTAGTCCACAAGACG-1	M_mRNA	433	950	1
670	AGTAGTCCACAAGACG-1	NS_mRNA	413	757	1
671	AGTAGTCCACAAGACG-1	NS_mRNA	56	529	1
677	AGTAGTCTCTCTGAGA-1	HA_mRNA	296	1546	1
678	AGTCTTTAGTGTACTC-1	HA_mRNA	1193	1608	1
680	AGTCTTTAGTGTACTC-1	NA_mRNA	415	1020	2
685	AGTCTTTTCTAGCACA-1	NP_mRNA	71	1503	1
690	AGTGAGGGTTCGAATC-1	HA_mRNA	184	1675	1
692	AGTGGGACAAGCCGTC-1	NP_mRNA	223	1236	1
694	AGTGGGACACCAGCAC-1	PB2_mRNA	129	2091	1
697	AGTGTCAAGACTGGGT-1	PB2_mRNA	221	2109	1
704	AGTTGGTTCTGATACG-1	HA_mRNA	343	1570	1
708	ATAACGCCACGGATAG-1	NP_mRNA	1222	1414	1
711	ATAAGAGAGGGTATCG-1	M_mRNA	88	854	1
712	ATAAGAGAGGGTATCG-1	NS_mRNA	454	661	1
714	ATAAGAGCAAATCCGT-1	NP_mRNA	681	1344	1
722	ATAAGAGTCCACGAAT-1	NS_mRNA	493	704	1
724	ATAAGAGTCTACCAGA-1	NS_mRNA	41	458	1
726	ATAGACCTCTGGAGCC-1	HA_mRNA	1204	1611	1
730	ATAGACCTCTGGAGCC-1	NS_mRNA	457	664	1
732	ATAGACCTCTGGAGCC-1	NS_mRNA	704	780	1
733	ATAGACCTCTGGAGCC-1	PB2_mRNA	166	2022	33
738	ATCACGACACTACAGT-1	HA_mRNA	608	1122	1
749	ATCATGGGTCTAAAGA-1	HA_mRNA	296	1546	1
752	ATCCACCCAATGCCAT-1	HA_mRNA	336	1591	1
755	ATCCACCTCTGCGTAA-1	PB1_mRNA	193	2110	1
757	ATCCGAAAGACACTAA-1	NP_mRNA	321	1343	1
758	ATCCGAAAGACACTAA-1	NS_mRNA	398	686	1
760	ATCCGAAAGACACTAA-1	NS_mRNA	654	694	1
764	ATCCGAACATCGACGC-1	NS_mRNA	500	589	1
772	ATCGAGTCAATGTAAG-1	NS_mRNA	304	534	1
780	ATCTACTAGTGGTCCC-1	NA_mRNA	687	1188	1
781	ATCTACTAGTGGTCCC-1	NS_mRNA	262	704	1
782	ATCTACTAGTGGTCCC-1	NS_mRNA	42	680	1
791	ATCTGCCCAATAGCAA-1	HA_mRNA	1187	1609	1
792	ATCTGCCCAATAGCAA-1	HA_mRNA	1250	1486	1
793	ATCTGCCCAATAGCAA-1	HA_mRNA	1613	1643	1
795	ATCTGCCCAATAGCAA-1	M_mRNA	671	836	1
796	ATCTGCCCAATAGCAA-1	M_mRNA	757	913	1
797	ATCTGCCCAATAGCAA-1	NP_mRNA	286	1286	1
799	ATCTGCCCAATAGCAA-1	PB1_mRNA	262	2130	1
800	ATCTGCCCAATAGCAA-1	PB1_mRNA	418	2155	1
801	ATCTGCCCAATAGCAA-1	PB2_mRNA	197	2149	1
802	ATCTGCCGTCGAGTTT-1	NP_mRNA	163	1287	1
823	ATGTGTGAGGCAGTCA-1	HA_mRNA	296	1546	1
824	ATGTGTGCATACGCTA-1	M_mRNA	212	795	1
825	ATGTGTGCATGGGAAC-1	M_mRNA	556	679	1
833	ATTACTCCAGCTTCGG-1	HA_mRNA	343	1570	1
834	ATTACTCGTAAGTTCC-1	M_mRNA	690	821	1
842	ATTATCCCATCGACGC-1	PB2_mRNA	129	2091	1
843	ATTATCCGTACAGTTC-1	NA_mRNA	303	1188	1
848	ATTCTACCAATGACCT-1	PB2_mRNA	129	2091	1
853	ATTGGACAGAGCTTCT-1	HA_mRNA	157	1526	1
854	ATTGGTGAGAGCTGGT-1	HA_mRNA	1187	1609	1
855	ATTGGTGAGAGCTGGT-1	HA_mRNA	1204	1611	1
856	ATTGGTGAGAGCTGGT-1	M_mRNA	114	745	1
857	ATTGGTGAGAGCTGGT-1	M_mRNA	33	848	1
858	ATTGGTGAGAGCTGGT-1	M_mRNA	454	757	1
860	ATTGGTGAGAGCTGGT-1	M_mRNA	600	794	1
861	ATTGGTGAGAGCTGGT-1	M_mRNA	94	757	1
862	ATTGGTGAGAGCTGGT-1	NA_mRNA	277	1264	1
863	ATTGGTGAGAGCTGGT-1	NP_mRNA	967	1301	1
864	ATTGGTGAGAGCTGGT-1	PA_mRNA	1982	2152	1
871	ATTTCTGCACCATCCT-1	HA_mRNA	1183	1555	1
872	ATTTCTGCACCATCCT-1	HA_mRNA	1248	1647	1
873	ATTTCTGCACCATCCT-1	HA_mRNA	1381	1411	1
874	ATTTCTGCACCATCCT-1	HA_mRNA	261	285	1
875	ATTTCTGCACCATCCT-1	HA_mRNA	584	1420	1
876	ATTTCTGCACCATCCT-1	HA_mRNA	848	1616	1
878	ATTTCTGCACCATCCT-1	NP_mRNA	1095	1117	1
882	CAACCAAGTGATGTGG-1	NA_mRNA	1304	1397	1
887	CAACCTCAGGTGCACA-1	NS_mRNA	478	689	1
891	CAACCTCTCAGGCAAG-1	PB1_mRNA	418	2155	1
892	CAACTAGAGTACGCCC-1	HA_mRNA	1193	1608	1
895	CAACTAGCACAGACAG-1	HA_mRNA	296	1546	1
898	CAACTAGTCAACACTG-1	M_mRNA	28	719	1
900	CAACTAGTCAACACTG-1	M_mRNA	545	749	1
904	CAAGAAAGTTTCGCTC-1	HA_mRNA	296	1546	1
907	CAAGATCCACAACGCC-1	NA_mRNA	428	1186	1
908	CAAGATCCATGTCTCC-1	M_mRNA	418	907	1
909	CAAGATCCATGTCTCC-1	M_mRNA	444	789	1
911	CAAGATCCATGTCTCC-1	M_mRNA	629	779	2
912	CAAGATCCATGTCTCC-1	NS_mRNA	56	529	1
916	CAAGGCCAGCGCTCCA-1	NA_mRNA	309	1142	1
917	CAAGGCCCAAAGCGGT-1	PB2_mRNA	129	2091	1
920	CAAGGCCGTCTTCGTC-1	HA_mRNA	368	1485	1
921	CAAGGCCTCTTGCAAG-1	PB2_mRNA	129	2091	1
925	CAAGTTGGTCTCTCGT-1	NS_mRNA	482	651	1
928	CACAAACAGATGGGTC-1	NA_mRNA	105	1299	10
929	CACAAACAGATGGGTC-1	NA_mRNA	851	1343	1
931	CACAAACAGCCTCGTG-1	PB2_mRNA	166	2022	1
932	CACAAACAGTACGTTC-1	M_mRNA	432	954	1
935	CACAAACAGTACGTTC-1	NP_mRNA	388	1376	3
937	CACAAACAGTTCGATC-1	HA_mRNA	343	1570	1
945	CACACAAAGTACGTTC-1	HA_mRNA	1402	1436	1
946	CACACAAAGTACGTTC-1	HA_mRNA	608	1122	1
948	CACACAAAGTACGTTC-1	NP_mRNA	385	1514	1
950	CACACAAAGTACGTTC-1	NS_mRNA	588	729	1
964	CACACTCTCCCAGGTG-1	HA_mRNA	608	1122	1
971	CACAGGCAGCGATAGC-1	NS_mRNA	213	642	1
974	CACAGGCAGTTCCACA-1	NS_mRNA	244	691	1
980	CACAGTACAGGGTACA-1	NS_mRNA	457	664	1
981	CACAGTAGTATATCCG-1	PB1_mRNA	137	2110	1
992	CACATTTAGTACGCGA-1	HA_mRNA	276	1480	1
996	CACATTTGTATAGTAG-1	PA_mRNA	231	1943	1
998	CACCACTAGACACTAA-1	HA_mRNA	1592	1679	1
1000	CACCACTAGACACTAA-1	NA_mRNA	388	1156	1
1001	CACCACTAGACACTAA-1	NA_mRNA	689	1315	1
1002	CACCACTAGACACTAA-1	NS_mRNA	423	767	1
1004	CACCACTAGACACTAA-1	PA_mRNA	1735	2059	1
1005	CACCACTAGACACTAA-1	PB2_mRNA	2066	2186	1
1020	CACCAGGGTTCCTCCA-1	M_mRNA	550	777	1
1023	CACCAGGGTTCCTCCA-1	NP_mRNA	233	1522	1
1025	CACCAGGGTTCCTCCA-1	NS_mRNA	58	531	1
1026	CACCAGGGTTCCTCCA-1	NS_mRNA	659	682	1
1030	CACCTTGCATACCATG-1	M_mRNA	733	935	1
1033	CACTCCAAGACCGGAT-1	HA_mRNA	276	1480	14
1044	CAGATCAGTATCTGCA-1	HA_mRNA	38	1642	1
1054	CAGCATAAGCCAGTTT-1	HA_mRNA	1151	1508	1
1056	CAGCATAAGCCAGTTT-1	M_mRNA	596	934	1
1057	CAGCATAAGCCAGTTT-1	M_mRNA	655	912	1
1058	CAGCATAAGCCAGTTT-1	M_mRNA	706	961	1
1059	CAGCATAAGCCAGTTT-1	NA_mRNA	1234	1343	1
1060	CAGCATAAGCCAGTTT-1	NA_mRNA	863	1245	1
1061	CAGCATAAGCCAGTTT-1	NP_mRNA	467	1333	1
1062	CAGCATAAGCCAGTTT-1	NP_mRNA	603	1512	1
1063	CAGCATAAGCCAGTTT-1	NS_mRNA	493	704	1
1065	CAGCATAAGCCAGTTT-1	PB1_mRNA	262	2133	1
1066	CAGCATAAGCCAGTTT-1	PB2_mRNA	133	2122	1
1070	CAGCATAGTACACCGC-1	M_mRNA	798	836	1
1071	CAGCATAGTACACCGC-1	NS_mRNA	48	551	1
1075	CAGCATATCACGAAGG-1	M_mRNA	55	806	1
1077	CAGCATATCACGAAGG-1	NA_mRNA	1234	1343	1
1078	CAGCATATCACGAAGG-1	NP_mRNA	498	1372	1
1085	CAGCCGAAGGCCCGTT-1	NP_mRNA	163	1396	2
1091	CAGCGACAGAATTCCC-1	M_mRNA	622	772	1
1096	CAGCGACGTCAAAGAT-1	HA_mRNA	879	1479	1
1102	CAGCTAAAGCATGGCA-1	PB2_mRNA	1877	2106	1
1103	CAGCTAAAGCCACTAT-1	HA_mRNA	303	1611	1
1108	CAGCTAACAGCTCGCA-1	PB1_mRNA	193	2110	1
1111	CAGCTAAGTGATAAGT-1	HA_mRNA	343	1570	1
1112	CAGCTAATCCAACCAA-1	HA_mRNA	1182	1526	1
1113	CAGCTGGCAAGTCTAC-1	HA_mRNA	303	1611	1
1117	CAGCTGGTCGGTTAAC-1	NP_mRNA	163	1396	1
1122	CAGGTGCGTCATGCAT-1	HA_mRNA	296	1546	1
1132	CAGTAACAGTTGTCGT-1	PA_mRNA	86	2006	1
1134	CAGTAACCATCGTCGG-1	PB1_mRNA	418	2155	1
1136	CAGTAACTCATCTGCC-1	HA_mRNA	276	1480	1
1137	CAGTAACTCGAGGTAG-1	NP_mRNA	388	1376	1
1138	CAGTAACTCTTGCATT-1	HA_mRNA	1503	1548	2
1139	CAGTCCTAGCCTATGT-1	PB1_mRNA	262	2130	1
1145	CAGTCCTTCCTGCTTG-1	M_mRNA	760	915	2
1146	CATATGGCACTTAACG-1	HA_mRNA	296	1546	1
1162	CATCAAGTCTAGCACA-1	M_mRNA	515	597	1
1165	CATCAGACAGACGCCT-1	M_mRNA	74	794	1
1168	CATCAGACATGTCTCC-1	PB2_mRNA	129	2091	1
1170	CATCCACAGCCAGTAG-1	M_mRNA	545	749	1
1175	CATCGAAAGACAGGCT-1	NP_mRNA	923	1311	1
1177	CATCGAAAGAGTAAGG-1	HA_mRNA	38	1642	1
1180	CATCGAATCTGGGCCA-1	HA_mRNA	343	1570	1
1190	CATGACAAGATCACGG-1	HA_mRNA	276	1480	1
1192	CATGACAGTAGGACAC-1	HA_mRNA	276	1480	1
1195	CATGCCTCATTAACCG-1	PB1_mRNA	262	2133	1
1196	CATGCCTGTTATCCGA-1	NP_mRNA	1068	1322	1
1197	CATGCCTTCACCATAG-1	PB2_mRNA	129	2091	1
1200	CATGGCGAGCCATCGC-1	PA_mRNA	86	2006	1
1201	CATGGCGAGCTCTCGG-1	PB2_mRNA	221	2109	1
1203	CATGGCGGTACGCTGC-1	HA_mRNA	343	1570	2
1205	CATGGCGTCCCTCAGT-1	HA_mRNA	296	1546	1
1208	CATTATCCATCCTTGC-1	NS_mRNA	281	612	1
1212	CATTCGCCAGGAACGT-1	NS_mRNA	278	702	1
1214	CATTCGCGTCCCTTGT-1	M_mRNA	617	929	1
1216	CATTCGCGTCCCTTGT-1	M_mRNA	777	807	1
1217	CATTCGCGTCCCTTGT-1	NP_mRNA	459	1332	1
1218	CATTCGCGTCCCTTGT-1	NS_mRNA	504	641	1
1220	CATTCGCGTCCCTTGT-1	NS_mRNA	592	675	1
1229	CCACCTAAGTCTCGGC-1	PB1_mRNA	262	2133	1
1232	CCACCTAGTAAGTTCC-1	M_mRNA	562	744	1
1233	CCACCTAGTAAGTTCC-1	NA_mRNA	1017	1171	1
1234	CCACCTAGTAAGTTCC-1	NP_mRNA	1125	1405	1
1235	CCACCTAGTAAGTTCC-1	NP_mRNA	325	1433	1
1236	CCACCTAGTAAGTTCC-1	NS_mRNA	186	702	1
1237	CCACCTAGTAAGTTCC-1	NS_mRNA	466	633	1
1238	CCACCTAGTAAGTTCC-1	NS_mRNA	55	528	2
1248	CCACTACCATCAGTAC-1	PB2_mRNA	129	2091	1
1251	CCAGCGACAATCGAAA-1	HA_mRNA	343	1570	1
1253	CCAGCGATCAATACCG-1	HA_mRNA	336	1591	2
1255	CCAGCGATCGATAGAA-1	PB2_mRNA	129	2091	1
1256	CCAGCGATCGTCTGCT-1	NS_mRNA	706	751	1
1259	CCATGTCCATGGGACA-1	HA_mRNA	1485	1653	1
1265	CCATTCGCAATGACCT-1	M_mRNA	668	700	1
1266	CCATTCGCAATGACCT-1	NA_mRNA	1234	1343	1
1269	CCATTCGGTACACCGC-1	M_mRNA	55	806	1
1272	CCATTCGGTACACCGC-1	NA_mRNA	965	1206	1
1273	CCATTCGGTACACCGC-1	NP_mRNA	1366	1398	1
1274	CCATTCGGTACACCGC-1	NS_mRNA	457	664	1
1276	CCATTCGGTACACCGC-1	PB1_mRNA	549	2236	1
1285	CCCATACAGCGCCTTG-1	M_mRNA	622	772	1
1286	CCCATACAGCGCCTTG-1	M_mRNA	764	842	3
1287	CCCATACAGCGCCTTG-1	NP_mRNA	521	1297	1
1288	CCCATACAGCGCCTTG-1	NS_mRNA	190	697	1
1289	CCCATACAGCGCCTTG-1	NS_mRNA	52	526	1
1291	CCCATACAGCGCCTTG-1	PB2_mRNA	554	2275	1
1299	CCCATACGTCAAACTC-1	HA_mRNA	296	1546	1
1300	CCCATACTCAAACCAC-1	HA_mRNA	276	1480	1
1301	CCCATACTCAGTTAGC-1	NS_mRNA	754	786	1
1304	CCCTCCTAGCTAAGAT-1	HA_mRNA	343	1570	1
1305	CCCTCCTAGTTTGCGT-1	M_mRNA	437	765	1
1306	CCCTCCTCAACTGCGC-1	HA_mRNA	1204	1611	1
1307	CCCTCCTCAACTGCGC-1	HA_mRNA	207	1547	1
1310	CCCTCCTGTATCTGCA-1	HA_mRNA	296	1546	1
1315	CCGGGATAGAGCTGCA-1	HA_mRNA	296	1546	1
1319	CCGGGATCAAGCGAGT-1	NS_mRNA	58	531	1
1331	CCGGGATTCGCTTAGA-1	NS_mRNA	483	694	1
1332	CCGGGATTCGCTTAGA-1	NS_mRNA	56	529	1
1345	CCGTACTAGTTACCCA-1	NS_mRNA	457	664	1
1350	CCGTGGAAGTGAACAT-1	M_mRNA	430	806	1
1358	CCGTTCAGTTGAGGTG-1	NA_mRNA	1234	1343	1
1366	CCTACACAGCTAAACA-1	M_mRNA	437	691	1
1368	CCTACACAGCTAAACA-1	NA_mRNA	1218	1362	1
1369	CCTACACAGCTAAACA-1	NS_mRNA	266	680	1
1370	CCTACACAGCTAAACA-1	NS_mRNA	457	664	1
1371	CCTACACAGCTAAACA-1	NS_mRNA	480	691	1
1373	CCTACACGTATATCCG-1	HA_mRNA	1028	1528	1
1374	CCTACACGTGACCAAG-1	NP_mRNA	666	1426	1
1377	CCTACACTCTGCAGTA-1	PA_mRNA	231	1943	1
1382	CCTAGCTAGGGTGTGT-1	HA_mRNA	343	1570	1
1388	CCTAGCTTCGTACCGG-1	HA_mRNA	343	1570	1
1393	CCTCAGTAGGGATGGG-1	HA_mRNA	296	1546	1
1395	CCTCAGTCATAAGACA-1	PB1_mRNA	262	2133	1
1396	CCTCAGTCATAAGACA-1	PB1_mRNA	266	2133	1
1397	CCTCAGTCATAAGACA-1	PB1_mRNA	268	2135	1
1398	CCTCAGTCATAAGACA-1	PB2_mRNA	675	2092	1
1403	CCTCAGTGTTAAGACA-1	NA_mRNA	1173	1221	1
1405	CCTCAGTGTTAAGACA-1	PB1_mRNA	262	2130	3
1406	CCTCAGTGTTAAGACA-1	PB1_mRNA	266	2130	1
1411	CCTCTGAGTTCCATGA-1	M_mRNA	54	743	1
1415	CCTCTGAGTTGGTGGA-1	PA_mRNA	231	1943	1
1417	CCTCTGATCAGCATGT-1	M_mRNA	764	821	1
1418	CCTCTGATCAGCATGT-1	M_mRNA	777	807	1
1420	CCTCTGATCAGCATGT-1	PB2_mRNA	1779	2217	8
1422	CCTTACGCAGATGAGC-1	NS_mRNA	592	680	1
1437	CCTTCGAGTCATCGGC-1	HA_mRNA	343	1570	1
1446	CCTTTCTGTATATCCG-1	PB1_mRNA	266	2133	1
1449	CCTTTCTGTCATTAGC-1	NP_mRNA	203	1351	1
1459	CCTTTCTTCTCTGAGA-1	PB1_mRNA	262	2133	1
1461	CGAACATAGTTGAGTA-1	NA_mRNA	309	1142	2
1463	CGAACATCAGTCAGAG-1	M_mRNA	794	837	1
1464	CGAACATCAGTCAGAG-1	NA_mRNA	1219	1329	1
1466	CGAACATGTCCTCCAT-1	HA_mRNA	1284	1525	6
1468	CGAATGTAGTGCAAGC-1	M_mRNA	437	821	1
1471	CGAATGTCAGTCGATT-1	PA_mRNA	231	1943	1
1472	CGAATGTGTTCCCGAG-1	M_mRNA	358	627	1
1475	CGAATGTGTTCCCGAG-1	NA_mRNA	1017	1171	1
1476	CGAATGTGTTCCCGAG-1	NS_mRNA	55	528	1
1479	CGAATGTTCAGAAATG-1	NA_mRNA	428	1184	3
1481	CGAATGTTCAGAAATG-1	PB2_mRNA	166	2022	2
1487	CGACTTCCAATAGAGT-1	HA_mRNA	1284	1525	1
1498	CGAGAAGGTCGATTGT-1	NS_mRNA	618	790	1
1501	CGAGAAGTCTCGAGTA-1	HA_mRNA	343	1570	1
1503	CGAGCACAGGGAACGG-1	M_mRNA	798	854	1
1506	CGAGCACAGTACGTAA-1	NA_mRNA	309	1142	1
1507	CGAGCACCAATCCGAT-1	M_mRNA	250	814	4
1511	CGAGCACCAATGAAAC-1	HA_mRNA	62	1479	1
1531	CGATGGCTCCCTCAGT-1	M_mRNA	433	950	1
1532	CGATGGCTCCCTCAGT-1	M_mRNA	454	757	1
1534	CGATGGCTCCCTCAGT-1	M_mRNA	622	772	1
1535	CGATGGCTCCCTCAGT-1	M_mRNA	642	745	2
1537	CGATGGCTCCCTCAGT-1	NA_mRNA	159	1271	1
1538	CGATGGCTCCCTCAGT-1	NP_mRNA	1366	1398	1
1539	CGATGGCTCCCTCAGT-1	NS_mRNA	270	706	1
1546	CGATGTAGTAGCGTCC-1	NS_mRNA	684	758	1
1552	CGATTGAGTAAGGGAA-1	HA_mRNA	209	1544	1
1553	CGATTGAGTCATATGC-1	HA_mRNA	303	1611	1
1554	CGATTGAGTGGCTCCA-1	NS_mRNA	48	703	1
1555	CGATTGATCAACCAAC-1	HA_mRNA	1204	1611	1
1556	CGATTGATCAACCAAC-1	HA_mRNA	506	1556	1
1558	CGATTGATCAACCAAC-1	M_mRNA	642	745	1
1559	CGATTGATCAACCAAC-1	M_mRNA	759	916	1
1560	CGATTGATCAACCAAC-1	M_mRNA	806	909	1
1561	CGATTGATCAACCAAC-1	NA_mRNA	776	1170	1
1563	CGCCAAGAGGAGTTTA-1	HA_mRNA	336	1591	1
1569	CGCCAAGGTATAGGGC-1	NS_mRNA	448	655	1
1574	CGCGGTACACTTCTGC-1	HA_mRNA	1204	1611	1
1575	CGCGGTACAGTAACGG-1	HA_mRNA	296	1546	1
1577	CGCGGTAGTAAATACG-1	PB1_mRNA	262	2133	1
1582	CGCGTTTTCGCGTTTC-1	NA_mRNA	687	1313	1
1584	CGCGTTTTCGCGTTTC-1	PB2_mRNA	1915	2037	1
1586	CGCTATCCATCTGGTA-1	M_mRNA	329	750	1
1587	CGCTATCCATCTGGTA-1	M_mRNA	432	954	1
1589	CGCTATCCATCTGGTA-1	M_mRNA	642	745	1
1590	CGCTATCCATCTGGTA-1	M_mRNA	759	916	1
1591	CGCTATCCATCTGGTA-1	NP_mRNA	1338	1430	1
1596	CGCTGGATCAAAGACA-1	M_mRNA	606	713	1
1598	CGCTTCACACCAGGTC-1	M_mRNA	55	806	2
1603	CGGACACCACGCATCG-1	PA_mRNA	219	1944	5
1604	CGGACACTCATTATCC-1	NS_mRNA	36	200	1
1611	CGGACGTTCACTCTTA-1	HA_mRNA	982	1510	2
1613	CGGACGTTCACTCTTA-1	M_mRNA	612	843	1
1616	CGGACGTTCACTCTTA-1	NS_mRNA	699	743	1
1617	CGGACGTTCACTCTTA-1	PA_mRNA	86	2006	1
1618	CGGACTGAGCTCCCAG-1	M_mRNA	358	706	1
1621	CGGACTGAGCTCCCAG-1	M_mRNA	562	952	1
1622	CGGACTGAGCTCCCAG-1	M_mRNA	564	755	1
1623	CGGACTGAGCTCCCAG-1	M_mRNA	642	745	1
1624	CGGACTGAGCTCCCAG-1	M_mRNA	783	815	1
1625	CGGACTGAGCTCCCAG-1	NS_mRNA	504	641	1
1630	CGGACTGGTCTAAACC-1	NA_mRNA	309	1142	1
1636	CGGAGCTGTCGAAAGC-1	M_mRNA	642	745	1
1641	CGGCTAGAGCCTCGTG-1	PB2_mRNA	221	2109	1
1644	CGGCTAGTCGAATCCA-1	NP_mRNA	1240	1483	1
1646	CGGGTCATCCCAGGTG-1	NP_mRNA	1146	1285	1
1658	CGTAGGCAGAAGATTC-1	HA_mRNA	296	1546	2
1665	CGTCACTCAGGGTTAG-1	M_mRNA	55	806	3
1669	CGTCACTGTCTGGAGA-1	HA_mRNA	296	1546	1
1672	CGTCACTTCACCATAG-1	M_mRNA	33	725	1
1675	CGTCACTTCACCATAG-1	M_mRNA	628	807	1
1677	CGTCACTTCACCATAG-1	NS_mRNA	48	521	1
1679	CGTCACTTCTCAAACG-1	HA_mRNA	343	1570	1
1680	CGTCAGGAGGAGTAGA-1	M_mRNA	298	705	1
1682	CGTCAGGAGTGGTAAT-1	HA_mRNA	1477	1532	1
1684	CGTCAGGCACGACTCG-1	HA_mRNA	179	1440	1
1685	CGTCAGGCACGACTCG-1	HA_mRNA	198	1485	1
1686	CGTCAGGCACGACTCG-1	HA_mRNA	594	1555	1
1687	CGTCAGGCACGACTCG-1	HA_mRNA	816	1596	1
1688	CGTCAGGCACGACTCG-1	M_mRNA	550	654	1
1689	CGTCAGGCACGACTCG-1	M_mRNA	558	720	1
1690	CGTCAGGCACGACTCG-1	M_mRNA	559	810	1
1692	CGTCAGGCACGACTCG-1	M_mRNA	642	745	1
1694	CGTCAGGCACGACTCG-1	M_mRNA	672	934	1
1695	CGTCAGGCACGACTCG-1	M_mRNA	832	935	1
1696	CGTCAGGCACGACTCG-1	NP_mRNA	498	1372	2
1698	CGTCAGGCACGACTCG-1	PB1_mRNA	203	2096	1
1699	CGTCAGGCACGACTCG-1	PB1_mRNA	537	956	1
1703	CGTCCATAGTTGAGAT-1	NA_mRNA	302	1212	1
1715	CGTCTACTCGCTTGTC-1	HA_mRNA	1270	1675	1
1721	CGTGAGCAGGGTGTTG-1	NA_mRNA	42	1276	1
1722	CGTGAGCAGGGTGTTG-1	NP_mRNA	861	1386	1
1723	CGTGAGCAGGGTGTTG-1	NS_mRNA	457	664	1
1726	CGTGAGCAGTTCGCAT-1	PB2_mRNA	166	2022	1
1729	CGTGAGCTCACAGTAC-1	M_mRNA	756	909	1
1730	CGTGAGCTCCAATGGT-1	HA_mRNA	303	1611	1
1733	CGTGTAAAGACAAGCC-1	NA_mRNA	1234	1343	1
1750	CGTTAGATCGTGACAT-1	HA_mRNA	1204	1611	1
1753	CGTTAGATCGTGACAT-1	NS_mRNA	705	764	1
1758	CGTTCTGGTTACTGAC-1	HA_mRNA	1189	1444	1
1759	CGTTCTGGTTACTGAC-1	HA_mRNA	1354	1694	1
1761	CGTTGGGAGATATACG-1	HA_mRNA	1191	1450	1
1768	CTAACTTAGGGAGTAA-1	M_mRNA	622	772	1
1770	CTAACTTCACCAGCAC-1	HA_mRNA	296	1546	1
1773	CTAACTTGTACGCACC-1	M_mRNA	606	667	1
1774	CTAACTTGTACGCACC-1	M_mRNA	618	768	1
1776	CTAACTTGTACGCACC-1	M_mRNA	783	815	1
1779	CTAAGACCACGTGAGA-1	M_mRNA	642	745	1
1781	CTAAGACGTGTTGAGG-1	NP_mRNA	282	1307	1
1783	CTAATGGGTAACGTTC-1	HA_mRNA	608	1122	1
1786	CTAATGGGTAACGTTC-1	NS_mRNA	266	711	1
1787	CTAATGGGTAACGTTC-1	NS_mRNA	267	712	1
1788	CTAATGGGTAACGTTC-1	NS_mRNA	299	789	1
1791	CTAATGGTCTCGAGTA-1	M_mRNA	618	768	1
1794	CTACACCAGAACAACT-1	NS_mRNA	56	529	1
1796	CTACACCAGCCACCTG-1	HA_mRNA	343	1570	1
1797	CTACACCTCACAATGC-1	NS_mRNA	423	767	1
1798	CTACACCTCGTTTATC-1	PA_mRNA	231	1943	1
1802	CTACCCACACATCCAA-1	M_mRNA	435	764	1
1803	CTACCCACACATCCAA-1	M_mRNA	437	765	1
1805	CTACCCACACATCCAA-1	M_mRNA	642	745	1
1809	CTACCCAGTAAGCACG-1	NA_mRNA	1371	1402	1
1810	CTACCCAGTAAGCACG-1	NA_mRNA	602	1268	1
1812	CTACCCAGTAAGCACG-1	NS_mRNA	703	762	1
1817	CTACGTCAGTTAGGTA-1	M_mRNA	564	925	1
1818	CTACGTCAGTTAGGTA-1	NS_mRNA	419	689	1
1826	CTAGAGTAGGCAGGTT-1	HA_mRNA	343	1570	2
1827	CTAGAGTGTGGGTATG-1	HA_mRNA	296	1546	1
1828	CTAGCCTCATCCGCGA-1	NP_mRNA	163	1396	19
1829	CTAGCCTCATCCGCGA-1	NP_mRNA	74	1308	2
1831	CTAGCCTTCTACCTGC-1	HA_mRNA	343	1570	1
1836	CTAGTGACAACTTGAC-1	M_mRNA	166	632	1
1851	CTCACACAGCACGCCT-1	NA_mRNA	689	1315	1
1853	CTCACACTCAACACCA-1	NA_mRNA	388	1156	1
1857	CTCACACTCTAACTGG-1	HA_mRNA	1209	1578	1
1864	CTCAGAATCCAATGGT-1	NA_mRNA	309	1142	1
1873	CTCCTAGAGCCAGTAG-1	HA_mRNA	343	1570	1
1874	CTCCTAGAGGGTCGAT-1	NS_mRNA	457	664	1
1876	CTCCTAGCAGCCTTTC-1	HA_mRNA	336	1591	1
1879	CTCGAAATCTCTAAGG-1	HA_mRNA	850	1567	1
1883	CTCGAGGAGGTTCCTA-1	M_mRNA	674	700	1
1885	CTCGAGGGTTGAACTC-1	PB2_mRNA	129	2091	1
1892	CTCGGGAAGAGACTTA-1	NA_mRNA	1234	1343	1
1893	CTCGGGAAGAGACTTA-1	NS_mRNA	480	691	1
1895	CTCGGGAAGGATCGCA-1	M_mRNA	622	772	1
1897	CTCGGGACATGCATGT-1	PB2_mRNA	166	2022	2
1903	CTCGTACCACACTGCG-1	NS_mRNA	599	631	2
1905	CTCGTACTCACCATAG-1	PB2_mRNA	129	2091	1
1907	CTCGTCAAGCAGGCTA-1	NP_mRNA	164	1322	1
1913	CTCGTCAGTTAAGACA-1	M_mRNA	754	824	2
1915	CTCGTCAGTTAAGACA-1	NS_mRNA	638	757	1
1918	CTCTAATAGCTCTCGG-1	HA_mRNA	1204	1611	1
1919	CTCTAATAGCTCTCGG-1	HA_mRNA	321	1510	1
1921	CTCTAATAGCTCTCGG-1	M_mRNA	706	961	1
1922	CTCTAATAGCTCTCGG-1	M_mRNA	777	807	2
1923	CTCTAATAGCTCTCGG-1	NP_mRNA	423	1326	1
1925	CTCTAATAGCTCTCGG-1	PB2_mRNA	221	2109	32
1940	CTGAAACAGTTGTAGA-1	NS_mRNA	267	469	1
1944	CTGAAGTGTATAATGG-1	HA_mRNA	1584	1671	1
1950	CTGATAGCACCGGAAA-1	HA_mRNA	343	1570	1
1951	CTGATAGGTACCTACA-1	HA_mRNA	296	1546	1
1953	CTGATAGTCCACGCAG-1	HA_mRNA	343	1570	1
1954	CTGATAGTCTCCTATA-1	PA_mRNA	231	1943	1
1955	CTGATCCAGACCTTTG-1	NA_mRNA	309	1142	1
1973	CTGCCTATCTCGAGTA-1	NA_mRNA	388	1156	2
1977	CTGCGGAAGCTAGTGG-1	NP_mRNA	163	1396	1
1983	CTGCTGTAGGTAGCTG-1	HA_mRNA	479	1674	1
1986	CTGGTCTAGGCATGTG-1	HA_mRNA	296	1546	1
1987	CTGGTCTCAATAGAGT-1	NP_mRNA	341	1376	1
1988	CTGGTCTCACATCCAA-1	NA_mRNA	309	1142	1
1990	CTGGTCTCAGTGACAG-1	PB1_mRNA	266	2133	1
1992	CTGGTCTGTAGGACAC-1	HA_mRNA	1495	1517	1
1994	CTGGTCTTCAGCTCGG-1	HA_mRNA	1284	1525	6
2002	CTGTGCTCAAGTAGTA-1	HA_mRNA	343	1570	2
2007	CTGTGCTTCCACTGGG-1	HA_mRNA	470	1247	2
2008	CTGTGCTTCCACTGGG-1	HA_mRNA	516	1142	1
2010	CTGTGCTTCCACTGGG-1	NA_mRNA	1262	1310	1
2011	CTGTGCTTCCACTGGG-1	NA_mRNA	231	1348	1
2012	CTGTGCTTCCACTGGG-1	NA_mRNA	41	644	3
2014	CTGTGCTTCCACTGGG-1	PB2_mRNA	567	2270	1
2015	CTGTTTAAGAATTCCC-1	M_mRNA	33	725	1
2017	CTGTTTAAGAATTCCC-1	NP_mRNA	130	1468	1
2028	CTGTTTAGTGCAACTT-1	HA_mRNA	1254	1549	1
2039	CTTAACTTCGTAGGAG-1	NA_mRNA	491	1323	1
2042	CTTACCGAGAAGGGTA-1	PA_mRNA	101	1891	1
2046	CTTAGGACATAACCTG-1	NS_mRNA	256	678	1
2059	CTTCTCTCATCTCGCT-1	HA_mRNA	38	1642	57
2061	CTTCTCTGTTCATGGT-1	NP_mRNA	110	1248	1
2072	CTTTGCGTCGTCCGTT-1	M_mRNA	613	783	2
2074	CTTTGCGTCTGCGTAA-1	NS_mRNA	679	753	1
2077	GAAACTCGTTAAGTAG-1	NS_mRNA	586	681	1
2082	GAAATGATCCCTTGCA-1	NP_mRNA	1077	1422	1
2084	GAACATCAGTGGGCTA-1	HA_mRNA	276	1480	1
2088	GAACATCTCAGCCTAA-1	HA_mRNA	38	1642	1
2091	GAACCTATCGGGAGTA-1	NA_mRNA	309	1142	1
2092	GAACGGAAGCATGGCA-1	NP_mRNA	163	1396	1
2093	GAACGGAAGCCAACAG-1	NP_mRNA	183	1393	1
2099	GAACGGAGTCTCAACA-1	NA_mRNA	309	1142	2
2105	GAAGCAGAGCTTTGGT-1	NA_mRNA	309	1142	1
2106	GAAGCAGAGTGTACTC-1	HA_mRNA	343	1570	1
2123	GAATGAAGTACCAGTT-1	NP_mRNA	1366	1398	1
2134	GACAGAGAGGACGAAA-1	HA_mRNA	343	1570	1
2138	GACCAATAGGCATGTG-1	HA_mRNA	38	1642	1
2140	GACCAATCAAACTGCT-1	HA_mRNA	343	1570	2
2147	GACCTGGAGCACACAG-1	PB1_mRNA	193	2110	1
2148	GACCTGGCAGATCTGT-1	NP_mRNA	110	1248	1
2153	GACGCGTGTTAGTGGG-1	M_mRNA	437	765	1
2160	GACGTGCAGATCCCGC-1	NS_mRNA	423	767	1
2161	GACGTGCAGATCCCGC-1	NS_mRNA	457	664	1
2162	GACGTGCAGATCCCGC-1	NS_mRNA	56	529	1
2168	GACGTGCTCTTCATGT-1	HA_mRNA	1026	1568	1
2169	GACGTGCTCTTCATGT-1	HA_mRNA	1239	1613	1
2170	GACGTGCTCTTCATGT-1	M_mRNA	424	671	1
2173	GACGTGCTCTTCATGT-1	NS_mRNA	144	438	1
2180	GACGTTAGTGTGCGTC-1	M_mRNA	669	704	1
2182	GACGTTATCTCGAGTA-1	NP_mRNA	413	1338	2
2193	GACTACAAGCACAGGT-1	HA_mRNA	296	1546	1
2199	GACTGCGCAAAGGCGT-1	NS_mRNA	479	618	1
2200	GACTGCGCAGCAGTTT-1	HA_mRNA	336	1591	1
2201	GACTGCGGTCCGCTGA-1	NP_mRNA	499	1344	1
2207	GAGGTGACACCAGTTA-1	HA_mRNA	343	1570	1
2208	GAGGTGACATCCGCGA-1	NP_mRNA	163	1396	1
2209	GAGGTGACATCCGCGA-1	NP_mRNA	74	1308	1
2210	GAGGTGAGTCACTTCC-1	HA_mRNA	38	1642	1
2213	GAGGTGATCTCGGACG-1	HA_mRNA	1180	1654	1
2214	GAGGTGATCTCGGACG-1	HA_mRNA	1191	1613	1
2215	GAGGTGATCTCGGACG-1	HA_mRNA	52	1471	1
2216	GAGGTGATCTCGGACG-1	HA_mRNA	573	1709	1
2217	GAGGTGATCTCGGACG-1	HA_mRNA	579	1117	1
2218	GAGGTGATCTCGGACG-1	M_mRNA	543	829	1
2219	GAGGTGATCTCGGACG-1	M_mRNA	549	784	1
2220	GAGGTGATCTCGGACG-1	M_mRNA	553	662	1
2222	GAGGTGATCTCGGACG-1	M_mRNA	563	772	1
2223	GAGGTGATCTCGGACG-1	M_mRNA	642	745	1
2224	GAGGTGATCTCGGACG-1	M_mRNA	658	766	1
2226	GAGGTGATCTCGGACG-1	NA_mRNA	369	1315	1
2227	GAGGTGATCTCGGACG-1	NS_mRNA	411	530	1
2229	GAGGTGATCTCGGACG-1	PB1_mRNA	418	2155	1
2232	GAGTCCGCAATCGGTT-1	NP_mRNA	404	1307	1
2241	GATCAGTTCATCACCC-1	HA_mRNA	336	1591	2
2243	GATCGATCACTCTGTC-1	NA_mRNA	851	1343	1
2246	GATCGATGTTCTCATT-1	NS_mRNA	432	530	1
2247	GATCGATGTTCTCATT-1	NS_mRNA	714	736	1
2248	GATCGATGTTCTCATT-1	PB1_mRNA	1981	2177	1
2254	GATCGCGGTAGCGTCC-1	NA_mRNA	851	1343	1
2256	GATCGCGGTCTCTCGT-1	M_mRNA	433	843	1
2259	GATCGCGGTCTCTCGT-1	PB1_mRNA	2060	2132	1
2261	GATCGTAAGGTAGCCA-1	HA_mRNA	1285	1459	1
2262	GATCGTAAGGTAGCCA-1	HA_mRNA	246	1473	1
2263	GATCGTAAGGTAGCCA-1	HA_mRNA	302	1473	1
2265	GATCGTAAGGTAGCCA-1	NS_mRNA	218	796	1
2267	GATCGTAAGGTAGCCA-1	NS_mRNA	714	736	1
2271	GATCGTATCACCATAG-1	PB2_mRNA	129	2091	7
2272	GATCGTATCATGCAAC-1	PB1_mRNA	137	2110	1
2273	GATCTAGCAAGCGCTC-1	HA_mRNA	296	1546	1
2276	GATCTAGCACTCAGGC-1	M_mRNA	55	806	1
2278	GATCTAGCACTCAGGC-1	M_mRNA	622	772	1
2280	GATCTAGCACTCAGGC-1	NA_mRNA	1114	1349	1
2281	GATCTAGCACTCAGGC-1	NS_mRNA	36	200	3
2283	GATCTAGCATGGTCAT-1	NS_mRNA	410	754	1
2289	GATCTAGTCCGAAGAG-1	PA_mRNA	231	1943	5
2294	GATGAAACATCACCCT-1	HA_mRNA	932	1630	1
2296	GATGAAATCGGCGCAT-1	PA_mRNA	231	1943	1
2298	GATGAGGCAAGTTCTG-1	HA_mRNA	296	1546	2
2299	GATGAGGGTTATTCTC-1	HA_mRNA	343	1570	2
2304	GATGCTACACGGCGTT-1	HA_mRNA	38	1642	1
2306	GATGCTACAGTTCCCT-1	PB2_mRNA	129	2091	1
2315	GCAAACTGTTGCGTTA-1	NS_mRNA	457	664	1
2316	GCAAACTTCTGCAAGT-1	HA_mRNA	343	1570	1
2318	GCAATCAGTACAGACG-1	HA_mRNA	343	1570	1
2323	GCAATCATCAGTTTGG-1	HA_mRNA	336	1591	1
2328	GCACATAGTTAAGATG-1	NA_mRNA	41	644	1
2329	GCACATAGTTAAGATG-1	PA_mRNA	1466	1986	1
2335	GCACTCTGTAGCCTAT-1	M_mRNA	768	923	1
2341	GCAGCCAAGCAGACTG-1	NA_mRNA	303	1157	1
2342	GCAGCCAAGCAGACTG-1	NA_mRNA	415	1020	1
2344	GCAGCCAAGCAGACTG-1	NS_mRNA	719	741	1
2345	GCAGCCAAGCAGACTG-1	PA_mRNA	231	1943	1
2348	GCAGCCAGTGTTGAGG-1	NS_mRNA	423	767	1
2357	GCATACAGTCGGGTCT-1	M_mRNA	512	855	1
2358	GCATACAGTCGGGTCT-1	M_mRNA	543	726	1
2359	GCATACAGTCGGGTCT-1	M_mRNA	55	806	1
2361	GCATACAGTCGGGTCT-1	NS_mRNA	457	664	1
2363	GCATACATCCTCATTA-1	HA_mRNA	276	1480	1
2365	GCATGATGTAAATGAC-1	HA_mRNA	343	1570	1
2376	GCATGTAAGACAGGCT-1	M_mRNA	665	753	1
2377	GCATGTAAGACAGGCT-1	NS_mRNA	432	530	1
2380	GCATGTAAGTTGTAGA-1	NA_mRNA	1226	1255	1
2381	GCATGTACAGACGCTC-1	M_mRNA	545	749	1
2387	GCATGTAGTATCACCA-1	M_mRNA	679	928	1
2389	GCATGTATCACCACCT-1	NS_mRNA	640	746	1
2390	GCATGTATCACCATAG-1	PB2_mRNA	129	2091	1
2393	GCATGTATCTCGATGA-1	PB2_mRNA	221	2109	1
2404	GCGACCATCTCGTATT-1	PB2_mRNA	129	2091	1
2406	GCGACCATCTTACCGC-1	NA_mRNA	1211	1257	1
2407	GCGAGAAAGCTGGAAC-1	HA_mRNA	343	1570	1
2411	GCGAGAATCAAGGTAA-1	HA_mRNA	38	1642	1
2415	GCGCAACTCTTGCCGT-1	NA_mRNA	388	1156	1
2417	GCGCAGTAGTGACATA-1	NS_mRNA	54	847	1
2423	GCGCAGTTCGGACAAG-1	NS_mRNA	190	697	1
2424	GCGCCAAAGACAGAGA-1	NA_mRNA	309	1142	1
2428	GCGCCAATCGGCTACG-1	M_mRNA	33	725	1
2429	GCGCCAATCGGCTACG-1	M_mRNA	41	911	1
2431	GCGCCAATCGGCTACG-1	M_mRNA	522	901	1
2432	GCGCCAATCGGCTACG-1	M_mRNA	55	806	1
2434	GCGCCAATCGGCTACG-1	M_mRNA	799	845	1
2436	GCGCCAATCGGCTACG-1	NS_mRNA	677	740	1
2441	GCGCGATCAATCGGTT-1	HA_mRNA	343	1570	1
2445	GCGCGATTCTTATCTG-1	PA_mRNA	231	1943	1
2446	GCGGGTTAGCGGCTTC-1	M_mRNA	419	802	1
2452	GCTCCTAGTAAGTTCC-1	M_mRNA	623	958	1
2453	GCTCCTAGTAAGTTCC-1	NS_mRNA	248	701	1
2455	GCTCCTAGTAAGTTCC-1	PA_mRNA	231	1943	1
2458	GCTCCTAGTTACCGAT-1	HA_mRNA	336	1591	1
2468	GCTCTGTTCAGCTCTC-1	HA_mRNA	296	1546	1
2471	GCTGCAGGTAAATGAC-1	PB1_mRNA	193	2110	1
2477	GCTGCGAAGCTCTCGG-1	M_mRNA	730	883	1
2483	GCTGCTTAGAGACGAA-1	NS_mRNA	684	758	1
2487	GCTGCTTCAACTGCTA-1	NS_mRNA	584	688	1
2488	GCTGCTTCAACTGCTA-1	NS_mRNA	592	631	1
2489	GCTGCTTCAGCATACT-1	NA_mRNA	309	1142	1
2494	GCTGGGTGTATATGGA-1	M_mRNA	601	998	1
2500	GCTTCCACATAGAAAC-1	NS_mRNA	52	525	1
2502	GCTTCCACATAGAAAC-1	PB1_mRNA	1835	2011	1
2503	GCTTCCAGTCATACTG-1	HA_mRNA	343	1570	1
2506	GCTTCCATCCACGTTC-1	HA_mRNA	343	1570	1
2512	GGAAAGCTCCTTTCTC-1	M_mRNA	339	728	1
2518	GGAACTTTCGCGATCG-1	HA_mRNA	157	1526	1
2519	GGAATAAGTATCGCAT-1	HA_mRNA	336	1591	1
2528	GGACAAGGTCATGCCG-1	NP_mRNA	1315	1344	1
2529	GGACAAGGTTCTCATT-1	NP_mRNA	467	1333	1
2530	GGACAGAAGAGTTGGC-1	HA_mRNA	343	1570	1
2534	GGACAGAGTTAAAGAC-1	HA_mRNA	343	1570	1
2539	GGACATTCACCAGCAC-1	NS_mRNA	586	686	1
2543	GGACGTCTCGTCACGG-1	HA_mRNA	763	1695	1
2545	GGAGCAAAGGCAGTCA-1	NP_mRNA	271	1481	1
2546	GGAGCAACATGGTAGG-1	M_mRNA	38	856	1
2552	GGAGCAATCCCAACGG-1	NP_mRNA	436	1373	1
2553	GGATGTTAGAATAGGG-1	NS_mRNA	698	753	1
2554	GGATGTTAGCACACAG-1	HA_mRNA	343	1570	1
2555	GGATGTTAGCCAGAAC-1	NA_mRNA	1199	1314	1
2560	GGATGTTCAGAAGCAC-1	M_mRNA	777	807	1
2561	GGATGTTGTCTAGGTT-1	M_mRNA	744	903	1
2564	GGATTACAGGCCCTTG-1	NS_mRNA	266	533	1
2567	GGATTACGTAGAGCTG-1	HA_mRNA	343	1570	1
2568	GGATTACTCACAACGT-1	M_mRNA	345	902	1
2570	GGATTACTCACAACGT-1	M_mRNA	624	953	1
2571	GGATTACTCACAACGT-1	M_mRNA	764	821	1
2572	GGATTACTCACAACGT-1	NS_mRNA	532	711	1
2574	GGATTACTCACAACGT-1	PA_mRNA	2053	2122	1
2579	GGCAATTGTAAGAGAG-1	HA_mRNA	210	1488	1
2581	GGCAATTTCCGCATAA-1	HA_mRNA	343	1570	1
2582	GGCCGATAGGAATTAC-1	HA_mRNA	276	1480	1
2588	GGCGACTAGAGAGCTC-1	PB1_mRNA	262	2130	1
2592	GGCGACTCAGTTAACC-1	NS_mRNA	423	767	1
2593	GGCGACTCATGCAACT-1	HA_mRNA	343	1570	1
2595	GGCGACTTCATTGCGA-1	HA_mRNA	303	1611	1
2596	GGCGACTTCGCGTTTC-1	M_mRNA	54	743	1
2603	GGCGTGTTCGTCCGTT-1	HA_mRNA	38	1642	1
2605	GGCGTGTTCTGCAAGT-1	HA_mRNA	296	1546	1
2607	GGCTCGAGTGCACCAC-1	NP_mRNA	1426	1475	1
2608	GGCTCGAGTGCAGTAG-1	HA_mRNA	343	1570	1
2612	GGGAATGAGCTAGTCT-1	PB1_mRNA	266	2130	1
2615	GGGAATGCACCGAATT-1	HA_mRNA	651	1499	1
2616	GGGAATGCACCGAATT-1	HA_mRNA	963	1617	1
2618	GGGAATGCACCGAATT-1	NP_mRNA	110	1248	14
2619	GGGAATGCACCGAATT-1	NP_mRNA	223	1236	106
2620	GGGAATGCACCGAATT-1	NP_mRNA	314	1322	1
2621	GGGAATGCACCGAATT-1	NS_mRNA	434	634	1
2622	GGGAATGCACCGAATT-1	NS_mRNA	465	683	1
2624	GGGAATGTCCACGTGG-1	HA_mRNA	294	1636	1
2636	GGGAGATCATTTCACT-1	M_mRNA	554	816	1
2640	GGGATGAAGAAACCTA-1	NP_mRNA	459	1321	1
2642	GGGATGAAGTTGTAGA-1	HA_mRNA	197	269	1
2645	GGGATGAAGTTGTAGA-1	M_mRNA	573	713	1
2646	GGGATGAAGTTGTAGA-1	M_mRNA	589	810	1
2647	GGGATGAAGTTGTAGA-1	NA_mRNA	1234	1343	1
2648	GGGATGAAGTTGTAGA-1	NS_mRNA	36	200	3
2652	GGGATGACAGGTCTCG-1	NS_mRNA	690	743	1
2653	GGGATGAGTACCGAGA-1	NS_mRNA	754	791	1
2655	GGGATGATCCAATGGT-1	NS_mRNA	594	619	1
2656	GGGATGATCCAGTAGT-1	NA_mRNA	309	1142	1
2659	GGGCATCCAGACTCGC-1	PB2_mRNA	166	2022	1
2670	GGGTTGCGTCCGAAGA-1	HA_mRNA	343	1570	1
2678	GGTATTGCAATACGCT-1	NA_mRNA	479	1344	1
2679	GGTATTGCAATACGCT-1	NA_mRNA	724	1367	1
2681	GGTATTGCAATACGCT-1	NS_mRNA	688	746	1
2682	GGTATTGCAGGTCCAC-1	M_mRNA	114	745	1
2685	GGTATTGCAGGTCCAC-1	NS_mRNA	465	670	1
2690	GGTATTGTCCGTACAA-1	PA_mRNA	1901	2096	1
2699	GGTGAAGGTGTTTGGT-1	M_mRNA	642	745	1
2707	GGTGCGTTCCCATTTA-1	HA_mRNA	343	1570	1
2710	GGTGTTAGTAAGTGGC-1	M_mRNA	334	943	1
2717	GTAACTGAGACGACGT-1	NS_mRNA	509	790	1
2721	GTAACTGCACTATCTT-1	HA_mRNA	157	1526	1
2724	GTAACTGGTAAACACA-1	M_mRNA	642	745	1
2726	GTAACTGGTAAACACA-1	NS_mRNA	411	530	1
2731	GTACGTAGTTATGCGT-1	NA_mRNA	1211	1257	2
2732	GTACGTAGTTTGTGTG-1	NA_mRNA	41	644	2
2738	GTACTCCTCAGCTCGG-1	NP_mRNA	322	1373	1
2739	GTACTCCTCAGCTCGG-1	NP_mRNA	498	1372	1
2746	GTACTTTCAAGCTGAG-1	NS_mRNA	446	767	1
2751	GTAGGCCCATCGGACC-1	NA_mRNA	415	1020	15
2757	GTAGGCCTCTACTATC-1	HA_mRNA	1562	1628	1
2762	GTAGTCATCAATAAGG-1	HA_mRNA	503	1472	1
2763	GTAGTCATCTTACCGC-1	HA_mRNA	296	1546	2
2773	GTATTCTCAGTGGAGT-1	HA_mRNA	296	1546	1
2777	GTCAAGTAGGATGGAA-1	PB2_mRNA	129	2091	1
2779	GTCAAGTGTCGGATCC-1	HA_mRNA	296	1546	1
2780	GTCAAGTGTCTGGTCG-1	PB1_mRNA	262	2133	2
2787	GTCACGGAGTATCTCG-1	M_mRNA	57	746	1
2797	GTCATTTAGTTCGCGC-1	M_mRNA	54	743	1
2801	GTCCTCAAGACACGAC-1	NS_mRNA	423	767	1
2803	GTCCTCATCAAACGGG-1	NP_mRNA	163	1396	1
2808	GTCGGGTGTAAATGTG-1	M_mRNA	33	725	1
2810	GTCGGGTGTAAATGTG-1	NA_mRNA	1219	1329	1
2811	GTCGGGTGTAAATGTG-1	NS_mRNA	504	641	1
2821	GTCGTAAGTCGATTGT-1	NP_mRNA	423	1326	1
2822	GTCGTAAGTCTGATCA-1	M_mRNA	642	745	1
2823	GTCGTAAGTCTTTCAT-1	HA_mRNA	276	1480	2
2824	GTCTCGTCAGGACGTA-1	PB1_mRNA	262	2130	1
2825	GTCTCGTGTTACGACT-1	HA_mRNA	336	1591	1
2827	GTCTTCGGTCATACTG-1	NA_mRNA	309	1142	1
2828	GTCTTCGGTCTAGAGG-1	HA_mRNA	343	1570	1
2832	GTGAAGGGTTATGTGC-1	PB2_mRNA	129	2091	1
2833	GTGAAGGTCACATAGC-1	HA_mRNA	296	1546	2
2842	GTGCAGCGTACACCGC-1	PB1_mRNA	137	2110	1
2845	GTGCATAAGGCGCTCT-1	PB2_mRNA	221	2109	1
2849	GTGCGGTAGCGCCTCA-1	NS_mRNA	56	529	1
2853	GTGCGGTGTCAGTGGA-1	HA_mRNA	303	1611	1
2856	GTGCGGTTCTTTAGGG-1	HA_mRNA	296	1546	1
2860	GTGGGTCCACGTCAGC-1	PB2_mRNA	129	2091	1
2861	GTGGGTCCACTGAAGG-1	NA_mRNA	309	1142	1
2863	GTGGGTCCATACTCTT-1	NP_mRNA	754	1382	1
2866	GTGGGTCGTGCATCTA-1	NS_mRNA	52	525	1
2872	GTGTGCGTCTAAGCCA-1	M_mRNA	554	811	1
2876	GTGTTAGCAGGACCCT-1	HA_mRNA	343	1570	1
2877	GTGTTAGTCTGCCCTA-1	NP_mRNA	163	1287	1
2878	GTTAAGCAGCTCTCGG-1	HA_mRNA	296	1546	1
2879	GTTAAGCTCACCACCT-1	HA_mRNA	343	1570	1
2882	GTTCATTAGCGCTCCA-1	M_mRNA	144	986	1
2885	GTTCATTCAGGCAGTA-1	HA_mRNA	610	1671	1
2898	GTTTCTAAGAAAGTGG-1	PA_mRNA	86	2006	1
2902	GTTTCTACACCAGGTC-1	HA_mRNA	303	1611	1
2904	GTTTCTATCCTTCAAT-1	HA_mRNA	296	1546	1
2905	GTTTCTATCTTCGAGA-1	PB1_mRNA	418	2155	1
2906	TAAACCGCAACACCCG-1	M_mRNA	432	954	1
2910	TAAACCGCACGAAAGC-1	PB1_mRNA	266	2133	1
2914	TAAGAGACACGCTTTC-1	HA_mRNA	38	1642	1
2917	TAAGAGAGTAGCGCTC-1	M_mRNA	114	745	1
2918	TAAGAGAGTCGAACAG-1	NP_mRNA	666	1426	1
2922	TAAGCGTAGAGTTGGC-1	M_mRNA	671	699	1
2924	TAAGCGTCATCCTTGC-1	HA_mRNA	336	1591	1
2928	TAAGTGCAGCGTCAAG-1	HA_mRNA	336	1591	1
2929	TAAGTGCAGGACCACA-1	M_mRNA	432	935	1
2931	TAAGTGCAGGACCACA-1	M_mRNA	629	779	2
2932	TAAGTGCAGGACCACA-1	M_mRNA	642	745	1
2933	TAAGTGCAGGACCACA-1	M_mRNA	842	973	1
2939	TAAGTGCCAGGAACGT-1	HA_mRNA	1204	1611	1
2940	TAAGTGCCAGGAACGT-1	HA_mRNA	38	1642	1
2941	TAAGTGCCAGGAACGT-1	M_mRNA	552	909	1
2943	TAAGTGCCAGGAACGT-1	NP_mRNA	613	1319	1
2944	TAAGTGCCAGGAACGT-1	NP_mRNA	643	1227	1
2945	TAAGTGCCAGGAACGT-1	NS_mRNA	400	739	1
2946	TAAGTGCCAGGAACGT-1	NS_mRNA	403	617	1
2948	TAAGTGCCAGGAACGT-1	NS_mRNA	742	824	1
2949	TAAGTGCCAGGAACGT-1	PA_mRNA	1899	2119	1
2950	TAAGTGCCAGGAACGT-1	PB2_mRNA	657	2092	1
2953	TAAGTGCGTCACCTAA-1	M_mRNA	642	745	1
2955	TAAGTGCGTCACCTAA-1	M_mRNA	695	859	2
2956	TAAGTGCGTCACCTAA-1	M_mRNA	768	923	1
2960	TACACGAAGTAGCGGT-1	HA_mRNA	343	1570	1
2962	TACACGAGTCAAGCGA-1	HA_mRNA	921	1183	1
2963	TACACGAGTCAAGCGA-1	M_mRNA	358	627	1
2965	TACACGAGTCAAGCGA-1	NA_mRNA	943	1324	1
2966	TACACGAGTCAAGCGA-1	NS_mRNA	413	757	1
2978	TACCTATAGGGTATCG-1	NP_mRNA	456	1324	1
2980	TACCTATCAACAACCT-1	M_mRNA	552	746	1
2982	TACCTATCAACAACCT-1	M_mRNA	642	745	1
2983	TACCTATCAACAACCT-1	NS_mRNA	52	526	1
2985	TACCTATCAATCAGAA-1	HA_mRNA	1375	1511	1
2986	TACCTATCAATCAGAA-1	M_mRNA	432	954	1
2989	TACCTATCAATCAGAA-1	M_mRNA	592	661	1
2991	TACCTATCAATCAGAA-1	M_mRNA	768	923	1
2992	TACCTATCAATCAGAA-1	M_mRNA	777	807	2
2994	TACCTATGTGGGTATG-1	HA_mRNA	343	1570	1
2997	TACCTATTCTGAAAGA-1	NA_mRNA	1099	1205	1
2998	TACCTATTCTGAAAGA-1	NS_mRNA	37	553	9
3003	TACGGATCAATGTAAG-1	NS_mRNA	253	661	1
3009	TACGGGCAGAAGGTGA-1	M_mRNA	114	745	1
3011	TACGGGCAGAAGGTGA-1	M_mRNA	619	789	1
3012	TACGGGCAGAAGGTGA-1	M_mRNA	623	654	1
3024	TACGGTATCGGTCTAA-1	HA_mRNA	343	1570	1
3026	TACTCATCACGGTAGA-1	NP_mRNA	345	1533	1
3032	TACTCGCAGGGATGGG-1	NA_mRNA	309	1142	1
3035	TACTCGCCATCTGGTA-1	NS_mRNA	56	712	1
3051	TAGACCACAAGGACAC-1	NP_mRNA	163	1396	1
3055	TAGACCACATGGTTGT-1	HA_mRNA	912	1528	1
3056	TAGACCACATGGTTGT-1	M_mRNA	432	954	1
3059	TAGACCACATGGTTGT-1	M_mRNA	750	906	1
3060	TAGACCACATGGTTGT-1	NA_mRNA	800	1318	1
3076	TAGAGCTAGCGATTCT-1	NA_mRNA	838	1178	1
3078	TAGAGCTGTAGCCTAT-1	PA_mRNA	231	1943	1
3083	TAGCCGGGTCGCCATG-1	NS_mRNA	56	529	1
3092	TAGGCATTCCTTGGTC-1	HA_mRNA	296	1546	1
3094	TAGGCATTCTGTCTCG-1	HA_mRNA	336	1591	1
3095	TAGTGGTAGACCGGAT-1	PB1_mRNA	262	2133	1
3100	TAGTGGTTCTCTGAGA-1	HA_mRNA	296	1546	1
3115	TATCAGGAGGATGGAA-1	NP_mRNA	223	1236	1
3117	TATCAGGCAAAGGAAG-1	NA_mRNA	309	1142	1
3123	TATCTCACATCGGGTC-1	NS_mRNA	257	581	1
3128	TATGCCCAGTGTACCT-1	NA_mRNA	1017	1171	1
3129	TATGCCCAGTGTTGAA-1	NS_mRNA	702	761	1
3130	TATGCCCCAAACGTGG-1	HA_mRNA	1520	1543	1
3132	TATGCCCCAAACGTGG-1	M_mRNA	618	768	1
3138	TATGCCCTCGGTCTAA-1	NS_mRNA	700	843	1
3140	TATTACCAGCCTTGAT-1	HA_mRNA	343	1570	1
3153	TCACAAGAGAGCTGGT-1	NP_mRNA	164	1322	1
3157	TCACAAGTCAGCGACC-1	HA_mRNA	276	1480	1
3164	TCACGAATCCTGCCAT-1	HA_mRNA	296	1546	1
3169	TCAGATGTCCAAACTG-1	HA_mRNA	296	1546	1
3172	TCAGCAACATTGGTAC-1	NA_mRNA	309	1142	1
3177	TCAGCAATCGTTACGA-1	HA_mRNA	343	1570	1
3182	TCAGCTCGTTACGTCA-1	HA_mRNA	343	1570	1
3190	TCAGGTATCGAATGCT-1	PB2_mRNA	166	2022	2
3192	TCATTACAGCCAGGAT-1	M_mRNA	57	746	1
3196	TCATTACAGGCTACGA-1	M_mRNA	193	738	1
3199	TCATTACAGGCTACGA-1	PA_mRNA	2053	2122	1
3200	TCATTACAGTGCAAGC-1	HA_mRNA	343	1570	1
3205	TCATTACGTCGTGGCT-1	HA_mRNA	343	1570	1
3207	TCATTACTCTCTGAGA-1	HA_mRNA	296	1546	1
3211	TCATTTGGTTATTCTC-1	HA_mRNA	1391	1485	1
3212	TCATTTGGTTATTCTC-1	HA_mRNA	460	1694	1
3215	TCATTTGGTTATTCTC-1	M_mRNA	629	779	1
3216	TCATTTGGTTATTCTC-1	NS_mRNA	504	641	1
3217	TCATTTGGTTATTCTC-1	NS_mRNA	530	589	1
3219	TCATTTGGTTATTCTC-1	NS_mRNA	627	837	1
3220	TCATTTGGTTATTCTC-1	NS_mRNA	706	751	1
3221	TCATTTGGTTATTCTC-1	PA_mRNA	528	2036	1
3222	TCATTTGGTTATTCTC-1	PB2_mRNA	1383	2185	1
3226	TCCACACAGTACGCGA-1	NA_mRNA	327	1191	1
3229	TCCACACCAACTGCGC-1	NP_mRNA	861	1386	1
3235	TCCACACGTACCAGTT-1	NS_mRNA	509	680	1
3238	TCCCGATAGCTGCGAA-1	HA_mRNA	343	1570	1
3242	TCCCGATTCCTCAATT-1	M_mRNA	628	807	1
3252	TCGCGAGCACGCTTTC-1	HA_mRNA	343	1570	1
3257	TCGCGTTAGCGATGAC-1	NA_mRNA	692	1283	1
3262	TCGCGTTGTGAGGGAG-1	M_mRNA	545	749	1
3275	TCGTACCGTAAATGAC-1	M_mRNA	230	808	1
3278	TCGTACCGTAAATGAC-1	M_mRNA	642	745	1
3282	TCGTACCTCAGTCCCT-1	NS_mRNA	412	709	1
3286	TCGTAGACACAGCGTC-1	HA_mRNA	526	1531	2
3289	TCGTAGACATACTACG-1	HA_mRNA	343	1570	2
3292	TCTATTGAGTGACATA-1	NS_mRNA	569	611	1
3295	TCTATTGGTGATAAAC-1	HA_mRNA	343	1570	1
3298	TCTCATACACTTACGA-1	HA_mRNA	296	1546	1
3300	TCTCATAGTTCGCTAA-1	HA_mRNA	998	1723	1
3302	TCTCATAGTTCGCTAA-1	M_mRNA	622	772	1
3303	TCTCATAGTTCGCTAA-1	M_mRNA	777	807	2
3314	TCTGAGAGTACGACCC-1	NA_mRNA	309	1142	1
3320	TCTGGAACAGTGGGAT-1	HA_mRNA	343	1570	1
3331	TCTTTCCAGTGAACGC-1	NS_mRNA	245	653	1
3333	TCTTTCCGTGATAAGT-1	PB1_mRNA	266	2133	1
3336	TGAAAGAAGGTGCTAG-1	PA_mRNA	231	1943	1
3341	TGAAAGATCCGTACAA-1	NS_mRNA	671	708	1
3344	TGACAACGTCTCAACA-1	NP_mRNA	163	1396	1
3358	TGACTTTGTTCCTCCA-1	NP_mRNA	163	1396	1
3360	TGACTTTTCCAGATCA-1	NS_mRNA	151	200	1
3361	TGAGAGGAGGTAGCCA-1	PA_mRNA	231	1943	1
3365	TGAGCATTCTTACCGC-1	M_mRNA	256	779	1
3366	TGAGCATTCTTACCGC-1	M_mRNA	430	758	1
3367	TGAGCATTCTTACCGC-1	M_mRNA	432	954	1
3369	TGAGCATTCTTACCGC-1	M_mRNA	610	819	1
3370	TGAGCATTCTTACCGC-1	M_mRNA	768	923	1
3372	TGAGCATTCTTACCGC-1	PB1_mRNA	906	1012	1
3374	TGAGCCGCAATAACGA-1	HA_mRNA	296	1546	2
3375	TGAGCCGCAATGGTCT-1	M_mRNA	657	748	1
3379	TGAGGGACATAGACTC-1	HA_mRNA	524	1412	1
3382	TGAGGGATCAGTGCAT-1	NA_mRNA	388	1156	1
3383	TGAGGGATCTGGCGTG-1	NS_mRNA	423	767	1
3385	TGATTTCCAGCCTGTG-1	HA_mRNA	539	1442	1
3386	TGATTTCCAGCCTGTG-1	M_mRNA	373	644	1
3389	TGATTTCCAGCCTGTG-1	NA_mRNA	41	644	11
3392	TGATTTCGTAGGCTGA-1	NS_mRNA	52	526	1
3393	TGATTTCGTGTGACGA-1	NA_mRNA	747	1153	1
3403	TGCCAAAAGTGGGATC-1	HA_mRNA	109	1517	1
3404	TGCCAAAAGTGGGATC-1	HA_mRNA	1506	1583	1
3406	TGCCAAAAGTGGGATC-1	M_mRNA	602	777	1
3407	TGCCAAAAGTGGGATC-1	M_mRNA	622	772	1
3410	TGCCAAAGTCACTTCC-1	HA_mRNA	982	1510	1
3415	TGCCCATGTAGCGTGA-1	HA_mRNA	71	1468	1
3440	TGCGGGTTCGATGAGG-1	M_mRNA	642	745	2
3448	TGCTACCCATTGGGCC-1	M_mRNA	38	856	1
3450	TGCTACCCATTGGGCC-1	M_mRNA	560	912	4
3451	TGCTACCCATTGGGCC-1	M_mRNA	622	772	1
3452	TGCTACCCATTGGGCC-1	M_mRNA	642	745	1
3453	TGCTACCCATTGGGCC-1	M_mRNA	764	821	1
3454	TGCTACCCATTGGGCC-1	NP_mRNA	603	1512	1
3462	TGCTGCTCACAAGTAA-1	M_mRNA	51	879	1
3465	TGCTGCTTCGCCAAAT-1	HA_mRNA	608	1122	1
3468	TGCTGCTTCGCCAAAT-1	M_mRNA	784	809	1
3471	TGCTGCTTCTCTGAGA-1	HA_mRNA	677	1471	1
3480	TGGCCAGCAGCCAGAA-1	M_mRNA	29	744	1
3483	TGGCCAGCAGCCAGAA-1	NS_mRNA	671	747	1
3488	TGGCCAGGTCTAAAGA-1	NS_mRNA	423	767	1
3493	TGGCGCAAGGCAGGTT-1	PB2_mRNA	166	2022	1
3497	TGGCGCACAGTATAAG-1	PB2_mRNA	221	2109	1
3499	TGGCGCAGTGACGGTA-1	HA_mRNA	343	1570	1
3502	TGGCGCAGTGCAGACA-1	M_mRNA	562	952	1
3503	TGGCGCAGTGCAGACA-1	M_mRNA	622	772	1
3505	TGGCGCAGTGCAGACA-1	M_mRNA	690	821	1
3506	TGGCGCAGTGCAGACA-1	M_mRNA	764	821	1
3507	TGGCGCAGTGCAGACA-1	M_mRNA	842	973	1
3508	TGGCGCAGTGCAGACA-1	NP_mRNA	498	1372	1
3509	TGGCGCAGTGCAGACA-1	NS_mRNA	504	641	1
3517	TGGGAAGGTGTTTGTG-1	NS_mRNA	523	572	1
3526	TGGTTAGCATACGCCG-1	NS_mRNA	527	595	1
3536	TGTATTCCACGAAACG-1	NP_mRNA	163	1396	1
3539	TGTATTCTCACCATAG-1	PB2_mRNA	129	2091	1
3544	TGTCCCAAGAGTTGGC-1	M_mRNA	812	836	1
3545	TGTCCCAAGAGTTGGC-1	NA_mRNA	809	1188	1
3548	TGTCCCAAGGCCGAAT-1	PB2_mRNA	129	2091	1
3552	TGTCCCATCAAACCGT-1	HA_mRNA	38	1642	1
3553	TGTGGTAAGGCTCAGA-1	HA_mRNA	778	1661	1
3556	TGTGGTATCTTAACCT-1	HA_mRNA	296	1546	1
3559	TGTGTTTCAGGGTTAG-1	PB2_mRNA	129	2091	1
3560	TGTGTTTGTTATGTGC-1	HA_mRNA	336	1591	1
3563	TGTTCCGAGAAAGTGG-1	M_mRNA	642	745	1
3565	TGTTCCGAGAAAGTGG-1	PA_mRNA	86	2006	89
3577	TTAACTCGTAACGACG-1	NA_mRNA	277	1264	2
3578	TTAACTCGTAACGACG-1	NA_mRNA	45	1189	1
3579	TTAGGACAGAAGGTTT-1	NP_mRNA	71	1503	1
3582	TTAGGACTCGGTCCGA-1	NP_mRNA	223	1236	1
3587	TTAGTTCAGTGTACCT-1	NS_mRNA	457	664	1
3588	TTAGTTCGTAAGTGGC-1	PB1_mRNA	266	2133	2
3591	TTAGTTCGTTAGTGGG-1	HA_mRNA	296	1546	1
3593	TTATGCTAGACTAGAT-1	M_mRNA	59	857	1
3595	TTATGCTCAGGAATCG-1	HA_mRNA	343	1570	1
3602	TTCGGTCAGCTAACTC-1	M_mRNA	544	925	1
3604	TTCGGTCAGCTAACTC-1	M_mRNA	597	763	1
3605	TTCGGTCAGCTAACTC-1	M_mRNA	675	916	2
3606	TTCGGTCAGCTAACTC-1	M_mRNA	759	916	1
3607	TTCGGTCAGCTAACTC-1	NP_mRNA	892	1463	1
3609	TTCGGTCAGCTAACTC-1	PA_mRNA	941	2088	3
3610	TTCGGTCAGCTAACTC-1	PB1_mRNA	262	2130	1
3611	TTCGGTCAGCTAACTC-1	PB1_mRNA	262	2133	4
3612	TTCGGTCAGCTAACTC-1	PB1_mRNA	266	2130	1
3613	TTCGGTCAGCTAACTC-1	PB1_mRNA	266	2133	3
3614	TTCGGTCAGCTAACTC-1	PB1_mRNA	412	2149	1
3615	TTCGGTCAGCTAACTC-1	PB2_mRNA	168	2081	1
3616	TTCGGTCGTAAACACA-1	HA_mRNA	303	1611	1
3617	TTCGGTCTCATGTCTT-1	HA_mRNA	343	1570	1
3620	TTCTACAAGTTAGCGG-1	HA_mRNA	1483	1539	1
3622	TTCTACAAGTTAGCGG-1	NP_mRNA	163	1396	1
3623	TTCTACAAGTTAGCGG-1	NS_mRNA	55	528	1
3625	TTCTACACAAGGACTG-1	HA_mRNA	38	1642	1
3626	TTCTACACATGAACCT-1	PB1_mRNA	266	2133	1
3632	TTCTCAATCCAGGGCT-1	HA_mRNA	608	1122	1
3634	TTCTCAATCCAGGGCT-1	M_mRNA	583	804	1
3636	TTCTCAATCCAGGGCT-1	M_mRNA	744	903	1
3637	TTCTCAATCCAGGGCT-1	M_mRNA	764	821	1
3639	TTCTCAATCCAGGGCT-1	NS_mRNA	58	531	1
3644	TTCTCCTGTCTCTTTA-1	M_mRNA	55	806	1
3646	TTCTCCTGTCTCTTTA-1	NS_mRNA	687	829	1
3647	TTCTCCTGTGGTCCGT-1	NA_mRNA	309	1142	1
3652	TTGAACGGTTACGACT-1	NS_mRNA	56	529	1
3668	TTGGAACTCCTTGACC-1	HA_mRNA	527	1118	2
3670	TTGGAACTCGTTTGCC-1	HA_mRNA	343	1570	1
3675	TTGGCAACACGGCTAC-1	NP_mRNA	1180	1336	1
3681	TTGGCAATCAGCGACC-1	M_mRNA	568	714	2
3687	TTGTAGGGTGTTCGAT-1	M_mRNA	68	837	1
3688	TTTACTGAGCATGGCA-1	HA_mRNA	464	1410	1
3689	TTTACTGAGCATGGCA-1	M_mRNA	547	781	1
3691	TTTACTGAGCATGGCA-1	M_mRNA	618	768	1
3692	TTTACTGAGCATGGCA-1	M_mRNA	642	745	1
3694	TTTACTGAGCATGGCA-1	NS_mRNA	256	678	1
3700	TTTATGCGTCTGATCA-1	HA_mRNA	296	1546	1
3702	TTTCCTCAGCCCAGCT-1	NA_mRNA	1211	1257	1
3707	TTTCCTCTCCAGTAGT-1	PA_mRNA	86	2006	1
3717	TTTGGTTAGATCTGCT-1	NP_mRNA	233	1522	1
3719	TTTGGTTTCACTATTC-1	HA_mRNA	343	1570	1
3720	TTTGGTTTCCATGAAC-1	HA_mRNA	343	1570	1
